{
    "Rkik": 553239.7061678757,
    "Mtyzz": 38728.175941982336,
    "Zdkwo": 4833.0,
    "Zqio": 148994.7742996198,
    "Jyyhvk": 385696.0,
    "Vhlif": 73161.91074082689,
    "Uwakq": 50150.0,
    "Bwybmeh": 597060.0,
    "Sifberc": 918758.0,
    "Fzzico": 76220.0
}